{
  "GET /api/spare-parts" : {
    "transaction" : "GET /api/spare-parts",
    "sampleCount" : 20000,
    "errorCount" : 0,
    "errorPct" : 0.0,
    "meanResTime" : 12.523400000000038,
    "medianResTime" : 11.0,
    "minResTime" : 4.0,
    "maxResTime" : 164.0,
    "pct1ResTime" : 20.0,
    "pct2ResTime" : 24.0,
    "pct3ResTime" : 32.0,
    "throughput" : 21.92547312430318,
    "receivedKBytesPerSec" : 357.524601408602,
    "sentKBytesPerSec" : 6.830298756496791
  },
  "Total" : {
    "transaction" : "Total",
    "sampleCount" : 60000,
    "errorCount" : 0,
    "errorPct" : 0.0,
    "meanResTime" : 12.78339999999998,
    "medianResTime" : 13.0,
    "minResTime" : 4.0,
    "maxResTime" : 180.0,
    "pct1ResTime" : 22.0,
    "pct2ResTime" : 25.0,
    "pct3ResTime" : 33.0,
    "throughput" : 65.65664855637445,
    "receivedKBytesPerSec" : 1059.9131333900305,
    "sentKBytesPerSec" : 21.009272633761743
  },
  "GET /api/ai/forecast/result" : {
    "transaction" : "GET /api/ai/forecast/result",
    "sampleCount" : 20000,
    "errorCount" : 0,
    "errorPct" : 0.0,
    "meanResTime" : 12.45905000000002,
    "medianResTime" : 11.0,
    "minResTime" : 4.0,
    "maxResTime" : 113.0,
    "pct1ResTime" : 20.0,
    "pct2ResTime" : 24.0,
    "pct3ResTime" : 32.0,
    "throughput" : 21.930666198812453,
    "receivedKBytesPerSec" : 110.95353679965788,
    "sentKBytesPerSec" : 7.3030831775342255
  },
  "GET /api/purchase-orders" : {
    "transaction" : "GET /api/purchase-orders",
    "sampleCount" : 20000,
    "errorCount" : 0,
    "errorPct" : 0.0,
    "meanResTime" : 13.367750000000031,
    "medianResTime" : 12.0,
    "minResTime" : 5.0,
    "maxResTime" : 180.0,
    "pct1ResTime" : 22.0,
    "pct2ResTime" : 25.0,
    "pct3ResTime" : 33.0,
    "throughput" : 21.918144497559414,
    "receivedKBytesPerSec" : 593.1964180905926,
    "sentKBytesPerSec" : 6.913633469445011
  }
}