{
  "Total" : {
    "transaction" : "Total",
    "sampleCount" : 30600,
    "errorCount" : 0,
    "errorPct" : 0.0,
    "meanResTime" : 8.088300653594773,
    "medianResTime" : 7.0,
    "minResTime" : 4.0,
    "maxResTime" : 51.0,
    "pct1ResTime" : 12.0,
    "pct2ResTime" : 14.0,
    "pct3ResTime" : 22.0,
    "throughput" : 102.09188269442498,
    "receivedKBytesPerSec" : 1648.097545603543,
    "sentKBytesPerSec" : 32.66807314082674
  },
  "获取采购订单数据" : {
    "transaction" : "获取采购订单数据",
    "sampleCount" : 10200,
    "errorCount" : 0,
    "errorPct" : 0.0,
    "meanResTime" : 8.282058823529432,
    "medianResTime" : 7.0,
    "minResTime" : 4.0,
    "maxResTime" : 51.0,
    "pct1ResTime" : 12.0,
    "pct2ResTime" : 14.0,
    "pct3ResTime" : 20.0,
    "throughput" : 34.03710043947903,
    "receivedKBytesPerSec" : 921.1955093551971,
    "sentKBytesPerSec" : 10.736311955030983
  },
  "分页查询AI预测结果" : {
    "transaction" : "分页查询AI预测结果",
    "sampleCount" : 10200,
    "errorCount" : 0,
    "errorPct" : 0.0,
    "meanResTime" : 7.801372549019587,
    "medianResTime" : 7.0,
    "minResTime" : 4.0,
    "maxResTime" : 44.0,
    "pct1ResTime" : 11.0,
    "pct2ResTime" : 14.0,
    "pct3ResTime" : 20.0,
    "throughput" : 34.03551038249907,
    "receivedKBytesPerSec" : 172.20505790207784,
    "sentKBytesPerSec" : 11.334090859797055
  },
  "获取备件列表" : {
    "transaction" : "获取备件列表",
    "sampleCount" : 10200,
    "errorCount" : 0,
    "errorPct" : 0.0,
    "meanResTime" : 8.181470588235332,
    "medianResTime" : 7.0,
    "minResTime" : 4.0,
    "maxResTime" : 51.0,
    "pct1ResTime" : 12.0,
    "pct2ResTime" : 15.0,
    "pct3ResTime" : 24.0,
    "throughput" : 34.03199007066643,
    "receivedKBytesPerSec" : 554.9190848772846,
    "sentKBytesPerSec" : 10.601762531779872
  }
}