{
  "GET /api/spare-parts" : {
    "transaction" : "GET /api/spare-parts",
    "sampleCount" : 10200,
    "errorCount" : 0,
    "errorPct" : 0.0,
    "meanResTime" : 7.879607843137258,
    "medianResTime" : 6.0,
    "minResTime" : 4.0,
    "maxResTime" : 71.0,
    "pct1ResTime" : 12.0,
    "pct2ResTime" : 15.0,
    "pct3ResTime" : 21.0,
    "throughput" : 34.02517863218782,
    "receivedKBytesPerSec" : 554.8080188714648,
    "sentKBytesPerSec" : 10.599640609050697
  },
  "Total" : {
    "transaction" : "Total",
    "sampleCount" : 30600,
    "errorCount" : 0,
    "errorPct" : 0.0,
    "meanResTime" : 7.847483660130693,
    "medianResTime" : 6.0,
    "minResTime" : 4.0,
    "maxResTime" : 108.0,
    "pct1ResTime" : 12.0,
    "pct2ResTime" : 14.0,
    "pct3ResTime" : 21.0,
    "throughput" : 102.06974766090161,
    "receivedKBytesPerSec" : 1647.7402136251437,
    "sentKBytesPerSec" : 32.660990218315845
  },
  "GET /api/ai/forecast/result" : {
    "transaction" : "GET /api/ai/forecast/result",
    "sampleCount" : 10200,
    "errorCount" : 0,
    "errorPct" : 0.0,
    "meanResTime" : 7.635490196078448,
    "medianResTime" : 6.0,
    "minResTime" : 4.0,
    "maxResTime" : 74.0,
    "pct1ResTime" : 12.0,
    "pct2ResTime" : 14.0,
    "pct3ResTime" : 20.0,
    "throughput" : 34.03062756480833,
    "receivedKBytesPerSec" : 172.18035294264837,
    "sentKBytesPerSec" : 11.332464843359022
  },
  "GET /api/purchase-orders" : {
    "transaction" : "GET /api/purchase-orders",
    "sampleCount" : 10200,
    "errorCount" : 0,
    "errorPct" : 0.0,
    "meanResTime" : 8.02735294117651,
    "medianResTime" : 7.0,
    "minResTime" : 4.0,
    "maxResTime" : 108.0,
    "pct1ResTime" : 12.0,
    "pct2ResTime" : 14.0,
    "pct3ResTime" : 20.0,
    "throughput" : 34.03119526232379,
    "receivedKBytesPerSec" : 921.0356889648845,
    "sentKBytesPerSec" : 10.734449286846274
  }
}