{
  "GET /api/spare-parts" : {
    "transaction" : "GET /api/spare-parts",
    "sampleCount" : 6000,
    "errorCount" : 0,
    "errorPct" : 0.0,
    "meanResTime" : 223.9376666666665,
    "medianResTime" : 185.5,
    "minResTime" : 7.0,
    "maxResTime" : 1665.0,
    "pct1ResTime" : 458.90000000000055,
    "pct2ResTime" : 564.9499999999998,
    "pct3ResTime" : 796.9199999999983,
    "throughput" : 164.16766991353836,
    "receivedKBytesPerSec" : 2677.0231955236945,
    "sentKBytesPerSec" : 51.142076857830794
  },
  "Total" : {
    "transaction" : "Total",
    "sampleCount" : 18000,
    "errorCount" : 0,
    "errorPct" : 0.0,
    "meanResTime" : 246.26972222222176,
    "medianResTime" : 203.0,
    "minResTime" : 5.0,
    "maxResTime" : 1665.0,
    "pct1ResTime" : 498.0,
    "pct2ResTime" : 612.0,
    "pct3ResTime" : 884.9900000000016,
    "throughput" : 492.30095998687193,
    "receivedKBytesPerSec" : 7947.487470256817,
    "sentKBytesPerSec" : 157.5298970270492
  },
  "GET /api/ai/forecast/result" : {
    "transaction" : "GET /api/ai/forecast/result",
    "sampleCount" : 6000,
    "errorCount" : 0,
    "errorPct" : 0.0,
    "meanResTime" : 282.4003333333335,
    "medianResTime" : 236.0,
    "minResTime" : 7.0,
    "maxResTime" : 1332.0,
    "pct1ResTime" : 573.0,
    "pct2ResTime" : 701.0,
    "pct3ResTime" : 937.9799999999996,
    "throughput" : 164.46917573531428,
    "receivedKBytesPerSec" : 832.1433588717414,
    "sentKBytesPerSec" : 54.769520435295085
  },
  "GET /api/purchase-orders" : {
    "transaction" : "GET /api/purchase-orders",
    "sampleCount" : 6000,
    "errorCount" : 0,
    "errorPct" : 0.0,
    "meanResTime" : 232.47116666666687,
    "medianResTime" : 195.0,
    "minResTime" : 5.0,
    "maxResTime" : 1439.0,
    "pct1ResTime" : 472.0,
    "pct2ResTime" : 581.9499999999998,
    "pct3ResTime" : 809.9899999999998,
    "throughput" : 164.56390565002744,
    "receivedKBytesPerSec" : 4453.83211053209,
    "sentKBytesPerSec" : 51.90834133296764
  }
}